Code,FirstName,LastName,Email
MGV001,GV001 ,Name 1,email1@test.com
MGV002,GV002,Name 2,
MGV003,GV003,Name 3,
MGV004,GV004,Name 4,
MGV005,GV005,Name 5,
MGV006,GV006,Name 6,
MGV007,GV007,Name 7,
MGV008,GV008,Name 8,
MGV009,GV009,Name 9,
MGV010,GV010,Name 10,
MGV011,GV011,Name 11,email11@test.com
MGV012,GV012,Name 12,
MGV013,GV013,Name 13,
MGV014,GV014,Name 14,
MGV015,GV015,Name 15,
MGV016,GV016,Name 16,
MGV017,GV017,Name 17,
MGV018,GV018,Name 18,email18@test.com
MGV019,GV019,Name 19,
MGV020,GV020,Name 20,
MGV021,GV021,Name 21,
MGV022,GV022,Name 22,
MGV023,GV023,Name 23,
MGV024,GV024,Name 24,
MGV025,GV025,Name 25,
MGV026,GV026,Name 26,
MGV027,GV027,Name 27,
MGV028,GV028,Name 28,
MGV029,GV029,Name 29,
MGV030,GV030,Name 30,
MGV031,GV031,Name 31,email31@test.com
MGV032,GV032,Name 32,
MGV033,GV033,Name 33,
MGV034,GV034,Name 34,
MGV035,GV035,Name 35,
MGV036,GV036,Name 36,
MGV037,GV037,Name 37,
MGV038,GV038,Name 38,
MGV039,GV039,Name 39,
MGV040,GV040,Name 40,
MGV041,GV041,Name 41,
MGV042,GV042,Name 42,
MGV043,GV043,Name 43,
MGV044,GV044,Name 44,
MGV045,GV045,Name 45,email37@test.com
MGV046,GV046,Name 46,
MGV047,GV047,Name 47,
